<?xml version="1.0" encoding="utf-8" standalone="yes"?>
<MultiDesk>
	<Servers>
		<Server>
			<Name>gpu_server(.32.135)</Name>
			<Description/>
			<Server>192.168.32.135</Server>
			<InheritGeneral>0</InheritGeneral>
			<UserName>VERISILICON\cn9275</UserName>
			<Domain/>
			<Password>O8aq2jn0I04=</Password>
			<RDPPort>3389</RDPPort>
			<ConnectToServerConsole>0</ConnectToServerConsole>
			<DesktopHeight>0</DesktopHeight>
			<DesktopWidth>0</DesktopWidth>
			<ColorDepth>16</ColorDepth>
			<FullScreen>0</FullScreen>
			<RedirectPrinters>0</RedirectPrinters>
			<RedirectClipboard>1</RedirectClipboard>
			<RedirectPorts>0</RedirectPorts>
			<RedirectSmartCards>0</RedirectSmartCards>
			<RedirectDrives>1</RedirectDrives>
			<DriveCollection/>
			<AudioRedirectionMode>0</AudioRedirectionMode>
			<KeyboardHookMode>1</KeyboardHookMode>
			<PerformanceFlags>384</PerformanceFlags>
			<BitmapPersistence>1</BitmapPersistence>
		</Server>
	</Servers>
	<Settings/>
</MultiDesk>